
-- initial regions
insert into TBL_REGION(id,CODE, name, address, PARENT_ID,REGION_TYPE,ACTIVE,LEVEL) values (1,'1', 'Tehran Province ', 'Tehran',null, 'ROOT',true,0);
insert into TBL_REGION(id,CODE, name, address, PARENT_ID,REGION_TYPE,ACTIVE,LEVEL) values (2,'2', 'Tehran City', 'Tehran',1,'MIDDLE',true,1);

insert into TBL_REGION(id,CODE, name, address, PARENT_ID,REGION_TYPE,ACTIVE,LEVEL) values (3,'3', 'Region 1', 'Region 1', 2,'MIDDLE',true,2);
insert into TBL_REGION(id,CODE,name, address, PARENT_ID,REGION_TYPE,ACTIVE,LEVEL) values (5,'5', 'Vanak', 'Vanak', 3,'LEAF',true,3);
insert into TBL_REGION(id,CODE, name, address, PARENT_ID,REGION_TYPE,ACTIVE,LEVEL) values (6,'6', 'Ponak', 'Ponak', 3,'LEAF',true,3);
insert into TBL_REGION(id,CODE, name, address, PARENT_ID,REGION_TYPE,ACTIVE,LEVEL) values (7,'7', 'Jordan', 'Jordan',3,'LEAF',true,3);
insert into TBL_REGION(id,CODE, name, address, PARENT_ID,REGION_TYPE,ACTIVE,LEVEL) values (8,'8', 'Zafar', 'Zafar', 3,'LEAF',true,3);

insert into TBL_REGION(id,CODE, name, address, PARENT_ID,REGION_TYPE,ACTIVE,LEVEL) values (4,'4', 'Region 2', 'Region 2', 2,'MIDDLE',true,2);
insert into TBL_REGION(id,CODE, name, address, PARENT_ID,REGION_TYPE,ACTIVE,LEVEL) values (9,'9', 'Kurdistan', 'Kurdistan', 4,'LEAF',true,3);
insert into TBL_REGION(id,CODE, name, address, PARENT_ID,REGION_TYPE,ACTIVE,LEVEL) values (10,'10', 'Navab', 'Navab',4,'LEAF',true,3);

-- initial parktime
insert into TBL_PARK_TIME(id, VEHICLE_NUMBER, PARK_DATETIME, REGION_ID, STATUS) values (1, '22-1234', {ts '2016-06-23 08:47:52.69'}, 1, 'R');
insert into TBL_PARK_TIME(id, VEHICLE_NUMBER, PARK_DATETIME, REGION_ID, STATUS) values (2, '22-1234', {ts '2016-06-23 08:59:52.69'}, 1, 'R');
insert into TBL_PARK_TIME(id, VEHICLE_NUMBER, PARK_DATETIME, REGION_ID, STATUS) values (3, '22-1234', {ts '2016-06-23 09:20:52.69'}, 1, 'R');
insert into TBL_PARK_TIME(id, VEHICLE_NUMBER, PARK_DATETIME, REGION_ID, STATUS) values (4, '22-1234', {ts '2016-06-23 09:31:52.69'}, 1, 'R');

insert into TBL_PARK_TIME(id, VEHICLE_NUMBER, PARK_DATETIME, REGION_ID, STATUS) values (5, '99-9090', {ts '2016-06-23 08:30:52.69'}, 5, 'R');
insert into TBL_PARK_TIME(id, VEHICLE_NUMBER, PARK_DATETIME, REGION_ID, STATUS) values (6, '99-9090', {ts '2016-06-23 08:49:52.69'}, 5, 'R');
insert into TBL_PARK_TIME(id, VEHICLE_NUMBER, PARK_DATETIME, REGION_ID, STATUS) values (7, '99-9090', {ts '2016-06-23 09:01:52.69'}, 5, 'R');
insert into TBL_PARK_TIME(id, VEHICLE_NUMBER, PARK_DATETIME, REGION_ID, STATUS) values (8, '99-9090', {ts '2016-06-23 09:26:52.69'}, 5, 'R');

-- permission --
insert into TBL_PERMISSION(id,name,code,description ) values(1,'insertUser','S00001','تعریف کاربر');
insert into TBL_PERMISSION(id,name,code,description ) values(2,'updateUser','S00002','ویرایش کاربر ');
insert into TBL_PERMISSION(id,name,code,description ) values(3,'deleteUser','S00003','حذف کاربر ');

-- role -
insert into TBL_ROLE(id,name ) values(1,'Admin');
insert into TBL_ROLE(id,name) values(2,'Parkban');
insert into TBL_ROLE(id,name) values(3,'User');

-- user
insert into TBL_USER(id, first_name,last_name,username,password,active,national_id) values(1,'behrooz', 'zamani', 'bzd', 'bzd', true,3733111834);
insert into TBL_USER(id, first_name,last_name,username,password,active,national_id) values(2,'hossein', 'yeganeh', 'hym', 'hym', true,3733111835);
insert into TBL_USER(id, first_name,last_name,username,password,active,national_id) values(3,'Admin', 'Admin', 'admin', 'admin', true,3733111836);

-- vehicle owner
insert into TBL_VEHICLE_OWNER (id, USER_ID) values(1, 1);
insert into TBL_VEHICLE_OWNER (id, USER_ID) values(2, 2);

-- initial vehicles
insert into TBL_VEHICLE(id,plateNumber,OWNER_ID) values(1,'۱۲۳۴۵۶۷۸۹',1);
insert into TBL_VEHICLE(id,plateNumber, OWNER_ID) values(2,'۹۸۷۶۵۴۳۲۱',2);
insert into TBL_VEHICLE(id,plateNumber, OWNER_ID) values(3,'۱۱۱۱۱۱۱۱۱',1);
insert into TBL_VEHICLE(id,plateNumber, OWNER_ID) values(4,'۲۲۲۲۲۲۲۲۲',2);

-- parkban
insert into TBL_PARKBAN(id, user_id) values(1,1);
insert into TBL_PARKBAN(id, user_id) values(2,2);

--parkbanTimeTable
insert into TBL_PARKBAN_TIME_TABLE(id, parkban_id, region_id, work_date) values(1, 1, 5, {ts '2016-06-23'});
insert into TBL_PARKBAN_TIME_TABLE(id, parkban_id, region_id, work_date) values(2, 2, 1, {ts '2016-06-23'});

-- parkbanTrack
insert into TBL_PARKBAN_TRACK(id, PARK_DATETIME, REGION_ID, PARKBAN_ID, LATITUDE, LONGITUDE) values(1, {ts '2016-07-16 08:30:52.69'}, null, 1 , 35.739072,51.397179);
insert into TBL_PARKBAN_TRACK(id, PARK_DATETIME, REGION_ID, PARKBAN_ID, LATITUDE, LONGITUDE) values(2, {ts '2016-07-16 08:35:52.69'}, null, 1 , 35.739063,51.397608);
insert into TBL_PARKBAN_TRACK(id, PARK_DATETIME, REGION_ID, PARKBAN_ID, LATITUDE, LONGITUDE) values(3, {ts '2016-07-16 08:40:52.69'}, null, 1 , 35.739072,51.398230);
insert into TBL_PARKBAN_TRACK(id, PARK_DATETIME, REGION_ID, PARKBAN_ID, LATITUDE, LONGITUDE) values(4, {ts '2016-07-16 08:45:52.69'}, null, 1 , 35.739072,51.399179);



--- VehicleParkInfo

insert into TBL_DATE_DIMENSION (id,DATE_DIM_LEVEL,TITLE,START_DATE,END_DATE) VALUES (1,'DAY',{ts '2016-07-16'},{ts '2016-07-16'},{ts '2016-07-16'});
insert into TBL_DATE_DIMENSION (id,DATE_DIM_LEVEL,TITLE,START_DATE,END_DATE) VALUES (2,'DAY',{ts '2016-07-17'},{ts '2016-07-17'},{ts '2016-07-17'});
insert into TBL_DATE_DIMENSION (id,DATE_DIM_LEVEL,TITLE,START_DATE,END_DATE) VALUES (3,'DAY',{ts '2016-07-18'},{ts '2016-07-18'},{ts '2016-07-18'});
insert into TBL_DATE_DIMENSION (id,DATE_DIM_LEVEL,TITLE,START_DATE,END_DATE) VALUES (4,'DAY',{ts '2016-07-19'},{ts '2016-07-19'},{ts '2016-07-19'});
insert into TBL_DATE_DIMENSION (id,DATE_DIM_LEVEL,TITLE,START_DATE,END_DATE) VALUES (5,'DAY',{ts '2016-07-20'},{ts '2016-07-20'},{ts '2016-07-20'});
insert into TBL_DATE_DIMENSION (id,DATE_DIM_LEVEL,TITLE,START_DATE,END_DATE) VALUES (6,'DAY',{ts '2016-07-21'},{ts '2016-07-21'},{ts '2016-07-21'});
insert into TBL_DATE_DIMENSION (id,DATE_DIM_LEVEL,TITLE,START_DATE,END_DATE) VALUES (7,'DAY',{ts '2016-07-22'},{ts '2016-07-22'},{ts '2016-07-22'});
insert into TBL_DATE_DIMENSION (id,DATE_DIM_LEVEL,TITLE,START_DATE,END_DATE) VALUES (8,'DAY',{ts '2016-07-23'},{ts '2016-07-23'},{ts '2016-07-23'});
insert into TBL_DATE_DIMENSION (id,DATE_DIM_LEVEL,TITLE,START_DATE,END_DATE) VALUES (9,'DAY',{ts '2016-07-24'},{ts '2016-07-24'},{ts '2016-07-24'});
insert into TBL_DATE_DIMENSION (id,DATE_DIM_LEVEL,TITLE,START_DATE,END_DATE) VALUES (10,'DAY',{ts '2016-07-25'},{ts '2016-07-25'},{ts '2016-07-25'});
insert into TBL_DATE_DIMENSION (id,DATE_DIM_LEVEL,TITLE,START_DATE,END_DATE) VALUES (11,'DAY',{ts '2016-07-26'},{ts '2016-07-26'},{ts '2016-07-26'});
insert into TBL_DATE_DIMENSION (id,DATE_DIM_LEVEL,TITLE,START_DATE,END_DATE) VALUES (12,'DAY',{ts '2016-07-27'},{ts '2016-07-27'},{ts '2016-07-27'});
insert into TBL_DATE_DIMENSION (id,DATE_DIM_LEVEL,TITLE,START_DATE,END_DATE) VALUES (13,'DAY',{ts '2016-07-28'},{ts '2016-07-28'},{ts '2016-07-28'});
insert into TBL_DATE_DIMENSION (id,DATE_DIM_LEVEL,TITLE,START_DATE,END_DATE) VALUES (14,'DAY',{ts '2016-07-29'},{ts '2016-07-29'},{ts '2016-07-29'});
insert into TBL_DATE_DIMENSION (id,DATE_DIM_LEVEL,TITLE,START_DATE,END_DATE) VALUES (15,'DAY',{ts '2016-07-30'},{ts '2016-07-30'},{ts '2016-07-30'});
insert into TBL_DATE_DIMENSION (id,DATE_DIM_LEVEL,TITLE,START_DATE,END_DATE) VALUES (16,'DAY',{ts '2016-07-31'},{ts '2016-07-31'},{ts '2016-07-31'});
insert into TBL_DATE_DIMENSION (id,DATE_DIM_LEVEL,TITLE,START_DATE,END_DATE) VALUES (17,'DAY',{ts '2016-08-01'},{ts '2016-08-01'},{ts '2016-08-01'});
insert into TBL_DATE_DIMENSION (id,DATE_DIM_LEVEL,TITLE,START_DATE,END_DATE) VALUES (18,'DAY',{ts '2016-08-02'},{ts '2016-08-02'},{ts '2016-08-02'});
insert into TBL_DATE_DIMENSION (id,DATE_DIM_LEVEL,TITLE,START_DATE,END_DATE) VALUES (19,'DAY',{ts '2016-08-03'},{ts '2016-08-03'},{ts '2016-08-03'});
insert into TBL_DATE_DIMENSION (id,DATE_DIM_LEVEL,TITLE,START_DATE,END_DATE) VALUES (20,'DAY',{ts '2016-08-04'},{ts '2016-08-04'},{ts '2016-08-04'});
insert into TBL_DATE_DIMENSION (id,DATE_DIM_LEVEL,TITLE,START_DATE,END_DATE) VALUES (21,'DAY',{ts '2016-08-05'},{ts '2016-08-05'},{ts '2016-08-05'});
insert into TBL_DATE_DIMENSION (id,DATE_DIM_LEVEL,TITLE,START_DATE,END_DATE) VALUES (22,'DAY',{ts '2016-08-06'},{ts '2016-08-06'},{ts '2016-08-06'});
insert into TBL_DATE_DIMENSION (id,DATE_DIM_LEVEL,TITLE,START_DATE,END_DATE) VALUES (23,'DAY',{ts '2016-08-07'},{ts '2016-08-07'},{ts '2016-08-07'});
insert into TBL_DATE_DIMENSION (id,DATE_DIM_LEVEL,TITLE,START_DATE,END_DATE) VALUES (24,'DAY',{ts '2016-08-08'},{ts '2016-08-08'},{ts '2016-08-08'});
insert into TBL_DATE_DIMENSION (id,DATE_DIM_LEVEL,TITLE,START_DATE,END_DATE) VALUES (25,'DAY',{ts '2016-08-09'},{ts '2016-08-09'},{ts '2016-08-09'});
insert into TBL_DATE_DIMENSION (id,DATE_DIM_LEVEL,TITLE,START_DATE,END_DATE) VALUES (26,'DAY',{ts '2016-08-10'},{ts '2016-08-10'},{ts '2016-08-10'});
insert into TBL_DATE_DIMENSION (id,DATE_DIM_LEVEL,TITLE,START_DATE,END_DATE) VALUES (27,'DAY',{ts '2016-08-11'},{ts '2016-08-11'},{ts '2016-08-11'});
insert into TBL_DATE_DIMENSION (id,DATE_DIM_LEVEL,TITLE,START_DATE,END_DATE) VALUES (28,'DAY',{ts '2016-08-12'},{ts '2016-08-12'},{ts '2016-08-12'});
insert into TBL_DATE_DIMENSION (id,DATE_DIM_LEVEL,TITLE,START_DATE,END_DATE) VALUES (29,'DAY',{ts '2016-08-13'},{ts '2016-08-13'},{ts '2016-08-13'});
insert into TBL_DATE_DIMENSION (id,DATE_DIM_LEVEL,TITLE,START_DATE,END_DATE) VALUES (30,'DAY',{ts '2016-08-14'},{ts '2016-08-14'},{ts '2016-08-14'});
insert into TBL_DATE_DIMENSION (id,DATE_DIM_LEVEL,TITLE,START_DATE,END_DATE) VALUES (31,'DAY',{ts '2016-08-15'},{ts '2016-08-15'},{ts '2016-08-15'});
insert into TBL_DATE_DIMENSION (id,DATE_DIM_LEVEL,TITLE,START_DATE,END_DATE) VALUES (32,'DAY',{ts '2016-08-16'},{ts '2016-08-16'},{ts '2016-08-16'});
insert into TBL_DATE_DIMENSION (id,DATE_DIM_LEVEL,TITLE,START_DATE,END_DATE) VALUES (33,'DAY',{ts '2016-08-17'},{ts '2016-08-17'},{ts '2016-08-17'});
insert into TBL_DATE_DIMENSION (id,DATE_DIM_LEVEL,TITLE,START_DATE,END_DATE) VALUES (34,'DAY',{ts '2016-08-18'},{ts '2016-08-18'},{ts '2016-08-18'});
insert into TBL_DATE_DIMENSION (id,DATE_DIM_LEVEL,TITLE,START_DATE,END_DATE) VALUES (35,'DAY',{ts '2016-08-19'},{ts '2016-08-19'},{ts '2016-08-19'});
insert into TBL_DATE_DIMENSION (id,DATE_DIM_LEVEL,TITLE,START_DATE,END_DATE) VALUES (36,'DAY',{ts '2016-08-20'},{ts '2016-08-20'},{ts '2016-08-20'});
insert into TBL_DATE_DIMENSION (id,DATE_DIM_LEVEL,TITLE,START_DATE,END_DATE) VALUES (37,'DAY',{ts '2016-08-21'},{ts '2016-08-21'},{ts '2016-08-21'});
insert into TBL_DATE_DIMENSION (id,DATE_DIM_LEVEL,TITLE,START_DATE,END_DATE) VALUES (38,'DAY',{ts '2016-08-22'},{ts '2016-08-22'},{ts '2016-08-22'});
insert into TBL_DATE_DIMENSION (id,DATE_DIM_LEVEL,TITLE,START_DATE,END_DATE) VALUES (39,'DAY',{ts '2016-08-23'},{ts '2016-08-23'},{ts '2016-08-23'});
insert into TBL_DATE_DIMENSION (id,DATE_DIM_LEVEL,TITLE,START_DATE,END_DATE) VALUES (40,'DAY',{ts '2016-08-24'},{ts '2016-08-24'},{ts '2016-08-24'});
insert into TBL_DATE_DIMENSION (id,DATE_DIM_LEVEL,TITLE,START_DATE,END_DATE) VALUES (41,'DAY',{ts '2016-08-25'},{ts '2016-08-25'},{ts '2016-08-25'});
insert into TBL_DATE_DIMENSION (id,DATE_DIM_LEVEL,TITLE,START_DATE,END_DATE) VALUES (42,'DAY',{ts '2016-08-26'},{ts '2016-08-26'},{ts '2016-08-26'});
insert into TBL_DATE_DIMENSION (id,DATE_DIM_LEVEL,TITLE,START_DATE,END_DATE) VALUES (43,'DAY',{ts '2016-08-27'},{ts '2016-08-27'},{ts '2016-08-27'});
insert into TBL_DATE_DIMENSION (id,DATE_DIM_LEVEL,TITLE,START_DATE,END_DATE) VALUES (44,'DAY',{ts '2016-08-28'},{ts '2016-08-28'},{ts '2016-08-28'});
insert into TBL_DATE_DIMENSION (id,DATE_DIM_LEVEL,TITLE,START_DATE,END_DATE) VALUES (45,'DAY',{ts '2016-08-29'},{ts '2016-08-29'},{ts '2016-08-29'});
insert into TBL_DATE_DIMENSION (id,DATE_DIM_LEVEL,TITLE,START_DATE,END_DATE) VALUES (46,'DAY',{ts '2016-08-30'},{ts '2016-08-30'},{ts '2016-08-30'});

insert into TBL_DATE_DIMENSION (id,DATE_DIM_LEVEL,TITLE,START_DATE,END_DATE) VALUES (47,'WEEK','تیر 4',{ts '2016-07-16'},{ts '2016-07-22'});
insert into TBL_DATE_DIMENSION (id,DATE_DIM_LEVEL,TITLE,START_DATE,END_DATE) VALUES (48,'WEEK','مرداد 1',{ts '2016-07-23'},{ts '2016-07-29'});
insert into TBL_DATE_DIMENSION (id,DATE_DIM_LEVEL,TITLE,START_DATE,END_DATE) VALUES (49,'WEEK','مرداد 2',{ts '2016-07-30'},{ts '2016-08-05'});
insert into TBL_DATE_DIMENSION (id,DATE_DIM_LEVEL,TITLE,START_DATE,END_DATE) VALUES (50,'WEEK','مرداد 3',{ts '2016-08-06'},{ts '2016-08-12'});
insert into TBL_DATE_DIMENSION (id,DATE_DIM_LEVEL,TITLE,START_DATE,END_DATE) VALUES (51,'WEEK','مرداد 4',{ts '2016-08-13'},{ts '2016-08-19'});
insert into TBL_DATE_DIMENSION (id,DATE_DIM_LEVEL,TITLE,START_DATE,END_DATE) VALUES (52,'WEEK','شهریور 1',{ts '2016-08-20'},{ts '2016-08-26'});

insert into TBL_DATE_DIMENSION (id,DATE_DIM_LEVEL,TITLE,START_DATE,END_DATE) VALUES (53,'MONTH','مرداد',{ts '2016-07-22'},{ts '2016-08-21'});


--- park region --
insert into TBL_REGION_PARK_INFO  (id,DATE_DIM_ID,REGION_ID,TOTAL_PARK_DURATION,TOTAL_PARK_COST) values (1,1,6,12,426);
insert into TBL_REGION_PARK_INFO  (id,DATE_DIM_ID,REGION_ID,TOTAL_PARK_DURATION,TOTAL_PARK_COST) values (2,2,6,13,556);
insert into TBL_REGION_PARK_INFO  (id,DATE_DIM_ID,REGION_ID,TOTAL_PARK_DURATION,TOTAL_PARK_COST) values (3,3,6,12,356);
insert into TBL_REGION_PARK_INFO  (id,DATE_DIM_ID,REGION_ID,TOTAL_PARK_DURATION,TOTAL_PARK_COST) values (4,4,6,16,126);
insert into TBL_REGION_PARK_INFO  (id,DATE_DIM_ID,REGION_ID,TOTAL_PARK_DURATION,TOTAL_PARK_COST) values (5,5,6,18,316);
insert into TBL_REGION_PARK_INFO  (id,DATE_DIM_ID,REGION_ID,TOTAL_PARK_DURATION,TOTAL_PARK_COST) values (6,6,6,19,206);
insert into TBL_REGION_PARK_INFO  (id,DATE_DIM_ID,REGION_ID,TOTAL_PARK_DURATION,TOTAL_PARK_COST) values (7,7,6,22,206);
insert into TBL_REGION_PARK_INFO  (id,DATE_DIM_ID,REGION_ID,TOTAL_PARK_DURATION,TOTAL_PARK_COST) values (8,8,6,722,226)
insert into TBL_REGION_PARK_INFO  (id,DATE_DIM_ID,REGION_ID,TOTAL_PARK_DURATION,TOTAL_PARK_COST) values (9,9,6,883,356)
insert into TBL_REGION_PARK_INFO  (id,DATE_DIM_ID,REGION_ID,TOTAL_PARK_DURATION,TOTAL_PARK_COST) values (10,10,6,72,456)
insert into TBL_REGION_PARK_INFO  (id,DATE_DIM_ID,REGION_ID,TOTAL_PARK_DURATION,TOTAL_PARK_COST) values (11,11,6,66,526)
insert into TBL_REGION_PARK_INFO  (id,DATE_DIM_ID,REGION_ID,TOTAL_PARK_DURATION,TOTAL_PARK_COST) values (12,12,6,58,616)
insert into TBL_REGION_PARK_INFO  (id,DATE_DIM_ID,REGION_ID,TOTAL_PARK_DURATION,TOTAL_PARK_COST) values (13,13,6,49,706)
insert into TBL_REGION_PARK_INFO  (id,DATE_DIM_ID,REGION_ID,TOTAL_PARK_DURATION,TOTAL_PARK_COST) values (14,14,6,32,806)

insert into TBL_REGION_PARK_INFO  (id,DATE_DIM_ID,REGION_ID,TOTAL_PARK_DURATION,TOTAL_PARK_COST) values (15,47,6,234,2550)
insert into TBL_REGION_PARK_INFO  (id,DATE_DIM_ID,REGION_ID,TOTAL_PARK_DURATION,TOTAL_PARK_COST) values (16,48,6,154,2550)
insert into TBL_REGION_PARK_INFO  (id,DATE_DIM_ID,REGION_ID,TOTAL_PARK_DURATION,TOTAL_PARK_COST) values (17,49,6,114,2550)
insert into TBL_REGION_PARK_INFO  (id,DATE_DIM_ID,REGION_ID,TOTAL_PARK_DURATION,TOTAL_PARK_COST) values (18,50,6,134,2550)

insert into TBL_REGION_PARK_INFO  (id,DATE_DIM_ID,REGION_ID,TOTAL_PARK_DURATION,TOTAL_PARK_COST) values (19,53,6,280,416)